{"train loss": 1.2033758163452148, "step": 4, "epoch": 0, "_timestamp": 1683617102.2402303, "_runtime": 16.39015531539917, "_step": 3, "_wandb": {"runtime": 14}}