{"train loss": NaN, "step": 560, "epoch": 0, "_timestamp": 1683193154.6451476, "_runtime": 510.5600745677948, "_step": 559, "_wandb": {"runtime": 510}}