{"train loss": 0.9846032857894897, "step": 421, "epoch": 0, "_timestamp": 1683194635.833907, "_runtime": 524.9462628364563, "_step": 420, "_wandb": {"runtime": 524}}