{"train loss": NaN, "step": 52, "epoch": 0, "_timestamp": 1683198734.4203782, "_runtime": 135.9821901321411, "_step": 51, "_wandb": {"runtime": 136}}