{"train loss": 1.0724091529846191, "step": 3, "epoch": 0, "_timestamp": 1683256441.2938178, "_runtime": 14.696249723434448, "_step": 2, "_wandb": {"runtime": 13}}