{"train loss": 1.1822752952575684, "step": 3, "epoch": 0, "_timestamp": 1683194685.1413205, "_runtime": 14.937925577163696, "_step": 2, "_wandb": {"runtime": 13}}