{"train loss": NaN, "step": 101, "epoch": 0, "_timestamp": 1683193719.0360746, "_runtime": 138.51918268203735, "_step": 100, "_wandb": {"runtime": 137}}