{"train loss": NaN, "step": 46, "epoch": 0, "_timestamp": 1683198886.7060385, "_runtime": 127.36405348777771, "_step": 45, "_wandb": {"runtime": 127}}