{"train loss": 1.202817440032959, "step": 347, "epoch": 0, "_timestamp": 1683199320.727032, "_runtime": 405.7698218822479, "_step": 346, "_wandb": {"runtime": 405}}