{"train loss": NaN, "step": 1530, "epoch": 0, "_timestamp": 1683192405.1164393, "_runtime": 810.9412853717804, "_step": 1529, "_wandb": {"runtime": 808}}