{"train loss": NaN, "step": 88, "epoch": 0, "_timestamp": 1683193467.709999, "_runtime": 265.0521421432495, "_step": 87, "_wandb": {"runtime": 263}}